[
{
    "model": "articles.article",
    "pk": 1,
    "fields": {
        "user": 1,
        "title": "제목",
        "content": "내용",
        "created_at": "2023-10-30T11:01:05.273Z",
        "updated_at": "2023-10-30T11:01:05.273Z",
        "like_users": []
    }
},
{
    "model": "articles.article",
    "pk": 2,
    "fields": {
        "user": 1,
        "title": "제목!",
        "content": "내용!",
        "created_at": "2023-10-30T11:01:22.725Z",
        "updated_at": "2023-10-30T11:01:22.725Z",
        "like_users": []
    }
},
{
    "model": "articles.article",
    "pk": 3,
    "fields": {
        "user": 3,
        "title": "제목@",
        "content": "내용@",
        "created_at": "2023-10-30T11:05:28.620Z",
        "updated_at": "2023-10-30T11:05:28.620Z",
        "like_users": []
    }
}
]
